date,forecast_revenue
2025-07-01,5766.49169921875
2025-07-02,5319.974609375
2025-07-03,5346.6943359375
2025-07-04,5365.92431640625
2025-07-05,5365.35986328125
2025-07-06,5376.84912109375
2025-07-07,5361.86376953125
2025-07-08,5378.26953125
2025-07-09,5374.98583984375
2025-07-10,5318.3056640625
2025-07-11,5318.9130859375
2025-07-12,5336.52001953125
2025-07-13,5336.63134765625
2025-07-14,5339.775390625
2025-07-15,5297.7822265625
2025-07-16,5334.38720703125
2025-07-17,5351.43798828125
2025-07-18,5338.06103515625
2025-07-19,5353.5986328125
2025-07-20,5345.2451171875
2025-07-21,5345.98095703125
2025-07-22,5333.8232421875
2025-07-23,5334.38720703125
2025-07-24,5337.3037109375
2025-07-25,5338.99072265625
2025-07-26,5338.3720703125
2025-07-27,5343.2392578125
2025-07-28,5343.97412109375
2025-07-29,5333.8232421875
2025-07-30,5334.38720703125
